ordered_time,vendor,total_prices,item_detail
3月13日,三商鮮五丼 (4843台北民權店),275,"2x 牛丼飯套餐,1x 牛蒡絲"
3月13日,Burger King 漢堡王 (台北長春店),290,2x 水牛城單層烤腿堡餐
3月12日,樂雅樂 (台北敦化店),413,"1x 紅酒蕃茄牛肉便當(附味噌湯),1x 紅酒蕃茄牛肉便當(附味噌湯)"
3月11日,郁日式炸豬排,442,"2x 起司花生,1x 鹽味香蔥玉子燒"
3月10日,三商鮮五丼 (4843台北民權店),405,2x 麻婆雙蝦菲力豬排丼
3月9日,元爵味黃燜雞米飯 (台北廈門店),457,"1x 酸湯豬,1x 酸湯豬"
3月7日,川麻子,302,"1x 5號餐麻辣臭豆腐鴨血煲,1x 5號餐麻辣臭豆腐鴨血煲"
3月6日,樂雅樂 (台北敦化店),305,2x 紅酒蕃茄牛肉便當(附味噌湯)
3月6日,Burger King 漢堡王 (台北欣欣店),451,"1x 水牛城重磅雙層牛堡餐,1x 水牛城重磅雙層牛堡餐"
3月4日,郁日式炸豬排,442,"1x 大阪柴魚玉子燒,2x 起司花生"
3月3日,黑龍越南法國麵包 (忠孝復興店),276,2x 黑龍麵包
3月2日,好想見麵 (台北民權店),248,"2x 香辣麻婆丼飯,1x 蕃茄湯餃"
2月28日,拉亞漢堡 (北市農安店),330,"1x 天空抹茶炸雞堡組,1x 天空抹茶炸雞堡組"
2月27日,樂雅樂 (台北敦化店),305,2x 紅酒蕃茄牛肉便當(附味噌湯)
2月26日,三商鮮五丼 (4843台北民權店),405,2x 麻婆雙蝦菲力豬排丼
2月25日,元爵味黃燜雞米飯 (台北廈門店),427,2x 酸湯豬
2月24日,蒸の不一樣,265,"1x 香菜鮮肉蒸餃,1x 絲瓜鮮肉蒸餃,1x 玉米火腿蒸餃"
2月23日,嘉義雞肉飯(雙城夜市),417,"1x 魯肉飯套餐,1x 焢肉飯套餐"
2月22日,女王漢堡,496,2x 女王漢堡套餐
2月21日,郁日式炸豬排,356,2x 起司花生
2月20日,樂雅樂 (台北敦化店),296,"2x 壽喜燒牛肉便當(附味噌湯),1x 山型麵包"
2月19日,Pizza Hut必勝客 (台北吉林外送店),378,1x 小比薩買一送一
2月18日,12MINI (台北民權東龍江店)*,445,"1x 泰式酸辣鍋 Thai Sour and Spicy Pot,1x 泰式酸辣鍋 Thai Sour and Spicy Pot"
2月17日,樂雅樂 (台北敦化店),384,2x 薑汁燒肉便當(附味噌湯)
2月16日,郁日式炸豬排,341,"1x 親子丼,1x 起司花生"
2月15日,北倉洞韓式料理,478,"1x 韓式豬肉豆腐鍋,1x 韓式牛肉豆腐鍋"
2月14日,吉野家 Yoshinoya (台北吉林店),246,"1x 鮮蔥牛丼(中) X2,1x 鮮燙高麗菜 X2"
2月13日,拉亞漢堡 (北市農安店),327,2x 森永牛奶糖奶茶組
2月12日,SUBWAY (民權龍江店),278,"1x 套餐-6吋香烤雞肉潛艇堡 6-Inch Roasted Chicken Breast Sub,1x 套餐-6吋墨西哥辣牛潛艇堡 6-Inch Taco Beef Sub"
2月11日,金菊雞肉飯 (台北合江店),371,"1x 【雙倍肉量】海南雞腿肉飯便當,1x 泰式海南雞腿肉飯便當"
2月10日,麥當勞 (S117 台北民權二店),419,"1x 套餐-蕈菇安格斯牛肉堡 Mushroom Angus Beef Burger Meal,1x 套餐-蕈菇主廚鷄腿堡 Mushroom Crispy Chicken Burger Meal"
2月9日,麵匡匡 (台北林森店),286,"1x 鹹蛋黃金沙拉麵,1x 豆香醬油拉麵"
2月8日,女王漢堡,410,"1x 天王漢堡套餐,1x 天王漢堡套餐"
2月6日,樂雅樂 (台北敦化店),305,2x 紅酒蕃茄牛肉便當(附味噌湯)
2月3日,金菊雞肉飯 (台北合江店),371,"1x 【雙倍肉量】海南雞腿肉飯便當,1x 泰式海南雞腿肉飯便當"
2月2日,Delizioso 義式廚房 (中山松江店),302,"1x 番茄紅醬嫩雞義大利麵,1x 羅勒青醬嫩雞義大利麵"
1月28日,潮味決．湯滷專門店 (台北農安分社),368,"1x 肉食系5盎司套餐,1x 肉食系5盎司套餐"
1月27日,統一超商 (吉安店),227,"1x (加熱出貨) 熱那亞羅勒義大利麵 392g,1x (加熱出貨) S-法式烤雞佐牛肝菌燉飯 434g #25418378,1x (加熱出貨)(蔬)輕滷時蔬 192g"
1月16日,樂雅樂 (台北敦化店),397,"2x 紅酒蕃茄牛肉便當(附味噌湯),1x 培根炒時蔬"
1月16日,拉亞漢堡 (北市農安店),327,2x 森永牛奶糖奶茶組
1月6日,郁日式炸豬排,356,2x 起司花生
1月4日,豪餃子,338,"1x 韓式泡菜冰花鍋貼,1x 酸辣湯餃,1x 玉米冰花鍋貼"
1月2日,金菊雞肉飯 (台北合江店),371,"1x 【雙倍肉量】海南雞腿肉飯便當,1x 泰式海南雞腿肉飯便當"
1月1日,麥當勞 (S117 台北民權二店),472,"1x 套餐-BLT 嫩煎鷄腿堡 BLT Grilled Chicken Burger Meal,1x 套餐-BLT 安格斯牛肉堡 BLT Angus Beef Burger Meal"
1月1日,Louisa 路易莎 (松江農安店),224,"2x 義式里肌豬風味三明治,1x 抹茶知心雙色乳酪貝果"
12月30日,蒸の不一樣,332,"1x 香菜鮮肉蒸餃,1x 韓式泡菜蒸餃,1x 酸辣湯"
12月28日,統一超商 (吉安店),209,"1x (加熱出貨)(蔬)輕滷時蔬 192g,1x 福樂鮮攪草莓奶茶 | 375ml,1x (加熱出貨)(吊)御料小館韓風洋釀炸雞 85g"
12月26日,肯德基KFC漢堡(紙包雞飯)專賣店 (台北南京東三店),243,"1x 花生熔岩咔啦雞腿漢堡 L 套餐,1x 青花椒香麻咔啦雞腿漢堡 XL 套餐,1x 冰奶茶買一送一"
12月25日,嚮辣 (台北松江店)*,400,"1x 向辣麻辣即享鍋,1x 蒜香老母雞湯即享鍋"
12月24日,(極)黃燜雞米飯 (台北寧夏店),437,"1x 川香麻辣肥腸,1x 酸湯豬"
12月23日,麥當勞 (S117 台北民權二店),492,"1x 套餐-蕈菇安格斯牛肉堡 Mushroom Angus Beef Burger Meal,1x 套餐-蕈菇主廚鷄腿堡 Mushroom Crispy Chicken Burger Meal"
12月22日,女王漢堡,446,2x 女王漢堡套餐
12月21日,豪餃子,277,"1x 韓式泡菜冰花鍋貼,1x 韭菜五行水餃,1x 鮮蝦酸辣水餃"
12月16日,12MINI (台北民權東龍江店)*,476,"1x 泰式酸辣鍋 Thai Sour and Spicy Pot,1x 一口酥油條2份 Mini Crispy Bread Stick,1x 泰式酸辣鍋 Thai Sour and Spicy Pot"
12月15日,甘泉魚麵 (台北錦州店),315,"1x 東北酸菜白肉麵,1x 釜山泡菜炙麵(牛)"
12月10日,金菊雞肉飯 (台北合江店),371,"1x 【雙倍肉量】海南雞腿肉飯便當,1x 泰式海南雞腿肉飯便當"
12月8日,12MINI (台北民權東龍江店)*,321,"1x 泰式酸辣鍋 Thai Sour and Spicy Pot,1x 大漠孜然鍋 Cumin Pot"
12月6日,北倉洞韓式料理,398,"1x 韓式豬肉豆腐鍋,1x 韓式牛肉豆腐鍋"
12月4日,肯德基KFC炸雞漢堡店 (台北南京東三店),297,2x 青花椒香麻咔啦雞腿漢堡 L 套餐
12月3日,饌味香鍋貼麵食館 (大安忠孝店),312,"1x 宜蘭韭菜鍋貼,1x 韓式泡菜鍋,1x 招牌水餃"
12月1日,郁日式炸豬排,422,"1x 蔥鹽里肌,1x 起司花生,1x 日式炸薯條"
11月28日,拉亞漢堡 (北市農安店),327,2x 森永牛奶糖奶茶組
11月27日,三商鮮五丼 (4843台北民權店),310,"1x 牛丼飯套餐,1x 麻婆雙蝦菲力豬排丼,1x 胡麻花椰菜"
11月26日,(極)黃燜雞米飯 (台北寧夏店),437,"1x 酸湯豬,1x 川香麻辣肥腸"
11月25日,麥當勞 (S117 台北民權二店),482,2x 套餐-蕈菇安格斯牛肉堡 Mushroom Angus Beef Burger Meal
於 11月23日,珠麗月比薩屋,482,"1x 七小福及海鮮比薩,1x 皇家及德式咖哩比薩,1x 玉米濃湯"
11月21日,三商鮮五丼 (台北南京店 4801),211,"1x 牛丼飯套餐,1x 麻婆雙蝦菲力豬排丼"
11月20日,三商巧福 (4119民權二店),312,"1x 番茄牛肉麵套餐,1x 牛肉炸醬麵套餐"
11月16日,麥當勞 (S117 台北民權二店),460,2x 套餐-蕈菇安格斯牛肉堡 Mushroom Angus Beef Burger Meal
11月14日,三商鮮五丼 (4843台北民權店),290,"1x 牛丼飯套餐,1x 麻婆雙蝦菲力豬排丼,1x 胡麻花椰菜"
11月13日,樂雅樂 (台北敦化店),385,"2x 紅酒蕃茄牛肉便當(附味噌湯),1x 培根炒時蔬"
11月13日,拉亞漢堡 (北市農安店),326,"1x 森永牛奶糖奶茶組,1x 森永牛奶糖奶茶組"
11月12日,蒸の不一樣,262,"1x 絲瓜鮮肉蒸餃,1x 香菜鮮肉蒸餃,1x 酸辣湯"
11月11日,金菊雞肉飯 (台北合江店),371,"1x 【雙倍肉量】海南雞腿肉飯便當,1x 泰式海南雞腿肉飯便當"
11月8日,張記烙餅舖,262,"1x 鮪魚+肉鬆烙餅,1x 培根+起司烙餅,1x 打抛豬肉蛋烙餅"
11月7日,女王漢堡,401,2x 女王漢堡套餐
11月6日,(極)黃燜雞米飯 (台北寧夏店),372,"1x 酸湯豬,1x 川香麻辣肥腸"
11月5日,蒸の不一樣,273,"1x 酸辣湯,1x 招牌菜肉蒸餃,1x 蚵仔煎"
11月3日,12MINI (台北民權東龍江店),356,"1x 酸白菜鍋 Pickled Cabbage Hotpot,1x 泰式酸辣鍋 Thai Sour and Spicy Pot"
10月30日,麥當勞 (S117 台北民權二店),459,2x 套餐-蕈菇安格斯牛肉堡 Mushroom Angus Beef Burger Meal
10月29日,(極)黃燜雞米飯 (台北寧夏店),437,"1x 經典黃燜豬,1x 川香麻辣肥腸"
10月28日,金菊雞肉飯 (台北合江店),371,"1x 【雙倍肉量】海南雞腿肉飯便當,1x 泰式海南雞腿肉飯便當"
10月27日,張記烙餅舖,246,"1x 鮪魚+肉鬆烙餅,1x 辣雞丁+九層塔烙餅,1x 鮪魚+玉米烙餅"
10月25日,女王漢堡,506,2x 女王漢堡套餐
10月24日,北倉洞韓式料理,478,"1x 韓式小腸豆腐鍋,1x 韓式豬肉豆腐鍋"
10月22日,(極)黃燜雞米飯 (台北寧夏店),437,"1x 酸湯豬,1x 酸湯魚"
10月20日,Maya Resto Cafe,533,"1x Pz1 Margherita瑪格麗特pizza,1x 6R5	Beef asparagus mushroom 牛肉蘆筍蘑菇"
10月19日,12MINI (台北民權東龍江店),395,"1x 肉骨茶風味鍋 Bak Kut Teh Pot,1x 泰式酸辣鍋 Thai Sour and Spicy Pot"
10月16日,Oh my!原燒 (台北林森北店),374,2x 炙燒骰子牛丼 Broiled Diced Beef Don
10月15日,金菊雞肉飯 (台北合江店),371,"1x 【雙倍肉量】海南雞腿肉飯便當,1x 泰式海南雞腿肉飯便當"
10月10日,三商巧福 (4107民權店),213,"1x 番茄牛肉麵套餐,1x 紅燒排骨飯套餐"
10月9日,女王漢堡,506,2x 女王漢堡套餐
10月7日,豪餃子,313,"1x 韭菜冰花鍋貼,1x 玉米冰花鍋貼,1x 韓式泡菜五行水餃"
10月6日,12MINI (台北民權東龍江店),375,"1x 小紅蕃茄鍋 Tomato Pot,1x 檸檬香茅鍋 Lemon Grass Pot with Lemon"
10月6日,Maya Resto Cafe,306,1x 6R5	Beef asparagus mushroom 牛肉蘆筍蘑菇
10月5日,拉亞漢堡 (北市農安店),343,"1x KITKAT巧克力XL勁辣炸雞芝加哥堡組合餐,1x KITKAT巧克力XL勁辣炸雞芝加哥堡組合餐,2x 黃金脆薯"
9月30日,金菊雞肉飯 (台北合江店),371,"1x 【雙倍肉量】海南雞腿肉飯便當,1x 泰式海南雞腿肉飯便當"
9月29日,女王漢堡,506,2x 女王漢堡套餐
9月26日,(極)黃燜雞米飯 (台北寧夏店),347,"1x 酸湯豬,1x 酸湯魚"
9月26日,拉亞漢堡 (北市農安店),208,"2x 黃金脆薯,1x 七龍珠Z芝加哥堡套餐,1x 七龍珠Z芝加哥堡套餐"
9月25日,豪餃子,288,"1x 酸辣湯,1x 高麗菜五行水餃,1x 玉米冰花鍋貼"
9月24日,麥當勞 (S117 台北民權二店),424,2x 套餐-蕈菇安格斯牛肉堡 Mushroom Angus Beef Burger Meal
9月23日,金菊雞肉飯 (台北合江店),371,"1x 【雙倍肉量】海南雞腿肉飯便當,1x 泰式海南雞腿肉飯便當"
9月21日,統一超商 (吉安店),254,"1x (加熱出貨) 奶油蛋黃醬培根義大利麵 359g,1x (加熱出貨) 韓式椿醬拌麵 | 368 g,1x (加熱出貨)(蔬)輕滷時蔬 192g"
9月20日,豪餃子,319,"2x 韭菜五行水餃,1x 酸辣湯,1x 韓式泡菜冰花鍋貼"
9月19日,(極)黃燜雞米飯 (台北寧夏店),314,"1x 酸湯豬,1x 酸湯豬"
9月18日,肯德基KFC炸雞漢堡店 (台北雙連店),489,"1x 花生熔岩咔啦雞腿漢堡 XL 套餐,1x 闇黑海陸堡XL餐"
9月16日,老牌張豬腳,376,2x 腿庫便當
9月15日,女王漢堡,401,2x 女王漢堡套餐
9月13日,金菊雞肉飯 (台北合江店),316,"1x 【雙倍肉量】海南雞腿肉飯便當,1x 泰式海南雞腿肉飯便當"
9月11日,拉亞漢堡 (北市農安店),202,"1x 七龍珠Z芝加哥堡套餐,1x 黃金脆薯,1x 七龍珠Z芝加哥堡套餐"
9月6日,女王漢堡,401,2x 女王漢堡套餐
9月4日,(極)黃燜雞米飯 (台北寧夏店),338,"1x 酸湯豬,1x 酸湯豬"
9月3日,金菊雞肉飯 (台北合江店),316,"1x 【雙倍肉量】海南雞腿肉飯便當,1x 泰式海南雞腿肉飯便當"
9月2日,阿財魚翅肉羹,251,2x 雞絲便當
8月30日,麥當勞 (S117 台北民權二店),459,2x 套餐-蕈菇安格斯牛肉堡 Mushroom Angus Beef Burger Meal
8月29日,三商鮮五丼 (4843台北民權店),211,"2x 麻婆雙蝦菲力豬排丼,1x 蒜味時蔬,1x 胡麻花椰菜"
8月26日,金菊雞肉飯 (台北合江店),371,"1x 【雙倍肉量】海南雞腿肉飯便當,1x 泰式海南雞腿肉飯便當"
8月25日,(極)黃燜雞米飯 (台北寧夏店),466,"1x 酸湯魚,1x 川香麻辣肥腸"
8月24日,女王漢堡,440,2x 女王漢堡套餐
8月19日,金菊雞肉飯 (台北合江店),316,"1x 【雙倍肉量】海南雞腿肉飯便當,1x 泰式海南雞腿肉飯便當"
8月18日,拉亞漢堡 (北市農安店),278,"1x 黃金脆薯,1x 七龍珠Z芝加哥堡套餐,1x 七龍珠Z芝加哥堡套餐"
8月17日,金菊雞肉飯 (台北合江店),294,"1x 【雙倍肉量】海南雞腿肉飯便當,1x 泰式海南雞腿肉飯便當"
8月15日,拉亞漢堡 (北市農安店),191,"2x KITKAT巧克力XL勁辣炸雞芝加哥堡,1x 黃金脆薯"
8月12日,金菊雞肉飯 (台北合江店),371,"1x 【雙倍肉量】海南雞腿肉飯便當,1x 泰式海南雞腿肉飯便當"
8月11日,(極)黃燜雞米飯 (台北寧夏店),379,"1x 酸湯魚,1x 酸湯牛"
8月9日,Top Thai泰鼎泰式料理 (台北敦化店),230,"1x 打抛豬肉飯盒餐例假日不提供,1x 泰式咖哩雞飯盒餐例假日不提供"
8月7日,阿財魚翅肉羹,251,2x 雞絲便當
8月6日,女王漢堡,401,2x 女王漢堡套餐
8月5日,金菊雞肉飯 (台北合江店),284,"1x 金菊雞腿肉飯便當,1x 寶島海南雞腿肉飯便當"
8月1日,金菊雞肉飯 (台北合江店),381,"1x 【雙倍肉量】海南雞腿肉飯便當,1x 【雙倍肉量】泰式海南雞腿肉飯便當"
7月30日,(極)黃燜雞米飯 (台北寧夏店),477,"1x 酸湯牛,1x 酸湯魚"
7月29日,阿財魚翅肉羹,251,2x 雞絲便當
7月29日,麥當勞 (S117 台北民權二店),424,2x 套餐-蕈菇安格斯牛肉堡 Mushroom Angus Beef Burger Meal
7月27日,ZAC ZAG 一楽炸雞（北車南陽店）,362,"1x 一人獨享餐 經典組合,1x 一人獨享餐 經典組合"
7月26日,天天分饗小火鍋 X 無限廚房 (台北中山店),343,"1x 泰式綠咖哩鍋,1x 泰式冬蔭功鍋,1x 蜂蜜檸檬 *2 (5折)"
7月22日,築本屋,382,2x 腰肉豬排定食
7月21日,真味肉圓 (台北錦州店),351,"1x 清蒸肉圓(4粒)大份,1x 肉粽(2粒)大份,1x 綜合四神湯(腸加肚)"
7月19日,女王漢堡,506,2x 女王漢堡套餐
7月18日,(極)黃燜雞米飯 (台北寧夏店),378,"1x 酸湯牛,1x 酸湯牛"
7月15日,阿財魚翅肉羹,251,2x 雞絲便當
7月11日,Pizza Hut必勝客 (台北吉林外送店),331,"1x 焗烤總匯千層麵【獨享餐】,1x 焗烤總匯千層麵【獨享餐】,1x 德國芝心腸【2條】"
7月10日,麥當勞 (S117 台北民權二店),364,"1x 套餐-蕈菇安格斯牛肉堡 Mushroom Angus Beef Burger Meal,1x 套餐-蕈菇主廚鷄腿堡 Mushroom Crispy Chicken Burger Meal"
7月5日,(極)黃燜雞米飯 (台北寧夏店),337,"1x 酸湯豬,1x 經典黃燜豬"
7月1日,台北橋孔魯肉飯,305,"1x 魯肉飯精緻餐,1x 破布子肉精緻餐"
6月29日,(極)黃燜雞米飯 (台北寧夏店),477,"1x 酸湯魚,1x 川香麻辣肥腸"
6月25日,想嗑酸菜魚 (誠品南西店),538,"1x 金湯酸菜魚,1x 川味水煮牛"
6月24日,昇客雞肉 (晴光總店),317,"1x 古早味炸燒肉(單點),1x 1/4隻後段【腿】,1x 滷七里香"
6月23日,麥當勞 (S117 台北民權二店),459,"1x 套餐-蕈菇安格斯牛肉堡 Mushroom Angus Beef Burger Meal,1x 套餐-蕈菇主廚鷄腿堡 Mushroom Crispy Chicken Burger Meal"
6月21日,肯德基KFC炸雞廚房 (台北雙連店),365,1x (CV)粽香脆雞雙人餐
6月20日,老牌張豬腳,447,"2x 腿庫便當,1x 滷豆腐,1x 筍絲"
6月19日,(極)黃燜雞米飯 (台北寧夏店),477,"1x 酸湯魚,1x 酸湯牛"
6月18日,女王漢堡,506,2x 女王漢堡套餐
6月16日,麥當勞 (S117 台北民權二店),459,2x 套餐-蕈菇安格斯牛肉堡 Mushroom Angus Beef Burger Meal
6月15日,(極)黃燜雞米飯 (台北寧夏店),378,"1x 酸湯魚,1x 酸湯牛"
6月14日,女王漢堡,506,2x 女王漢堡套餐
6月12日,Pizza Hut必勝客 (台北吉林外送店),336,"1x 羅勒雞腿排紙包筆管麵【獨享餐】,1x 焗烤總匯千層麵【獨享餐】"
6月11日,老牌張豬腳,447,"2x 腿庫便當,1x 滷豆腐,1x 筍絲"
6月10日,麥當勞 (S117 台北民權二店),469,1x 微牽絲分享餐 Slightly Stringy Cheese Patty Sharing Meal
6月7日,肯德基KFC炸雞漢堡店 (台北雙連店),410,"1x 花生熔岩咔啦雞腿漢堡 XL 套餐,1x 青花椒香麻咔啦雞腿漢堡 XL 套餐"
6月6日,(極)黃燜雞米飯 (台北寧夏店),354,"1x 酸湯魚,1x 酸湯牛"
6月5日,八方雲集 (中山吉林二店),304,"1x 菜肉大抄手【和風】,1x 酸辣湯,1x 咖哩雞肉鍋貼"
6月4日,女王漢堡,406,2x 女王漢堡套餐
6月2日,麥當勞 (S117 台北民權二店),364,"1x 套餐-蕈菇安格斯牛肉堡 Mushroom Angus Beef Burger Meal,1x 套餐-蕈菇主廚鷄腿堡 Mushroom Crispy Chicken Burger Meal"
5月30日,老牌張豬腳,381,"2x 腿庫便當,1x 滷豆腐,1x 筍絲"
5月28日,女王漢堡,431,2x 女王漢堡套餐
5月24日,女王漢堡,495,"1x 女王漢堡套餐,1x 女王漢堡套餐"
5月23日,老媽麵bar,312,"1x 無敵酸菜魚【麵】,1x 紅油QQ皮蛋【麵】,1x 時蔬燙青菜"
5月22日,麥當勞 (S117 台北民權二店),364,"1x 套餐-蕈菇安格斯牛肉堡 Mushroom Angus Beef Burger Meal,1x 套餐-蕈菇主廚鷄腿堡 Mushroom Crispy Chicken Burger Meal"
5月21日,老牌張豬腳,437,"2x 腿庫便當,1x 滷豆腐,1x 竹筍湯"
5月18日,女王漢堡,470,"1x 女王漢堡套餐,1x 女王漢堡套餐"
5月17日,老牌張豬腳,376,2x 腿庫便當
5月16日,老媽麵bar,404,"1x 無敵酸菜魚【飯】,1x 無敵酸菜魚【麵】"
5月15日,麥當勞 (S117 台北民權二店),328,"1x 套餐-蕈菇主廚鷄腿堡 Mushroom Crispy Chicken Burger Meal,1x 套餐-蕈菇安格斯牛肉堡 Mushroom Angus Beef Burger Meal"
5月14日,女王漢堡,480,"1x 女王漢堡套餐,1x 天王漢堡套餐"
5月13日,初喚滷肉飯,207,"1x 滑QQ控肉喚板豆腐套餐,1x 好粗滷肉喚板豆腐套餐,1x 超好吃刈包"
5月11日,Pizza Hut必勝客 (台北吉林外送店),254,1x 經典三重起司大比薩
5月9日,陶記越南美味,276,"1x 酸辣牛肉河粉,1x 牛肉河粉,1x 法國麵包"
5月7日,麥當勞 (S117 台北民權二店),370,"1x 套餐-蕈菇安格斯牛肉堡 Mushroom Angus Beef Burger Meal,1x 套餐-蕈菇安格斯牛肉堡 Mushroom Angus Beef Burger Meal"
5月4日,女王漢堡,380,"1x 女王漢堡套餐,1x 天王漢堡套餐"
5月1日,阿財魚翅肉羹,342,"1x 雞絲便當,1x 焢肉飯,1x 苦瓜排骨湯"
4月30日,麥當勞 (S117 台北民權二店),466,"1x 套餐-蕈菇安格斯牛肉堡 Mushroom Angus Beef Burger Meal,1x 套餐-蕈菇安格斯牛肉堡 Mushroom Angus Beef Burger Meal"
4月29日,1985窯烤披薩 (台北中山店),453,"1x 瑪格麗特窯烤披薩,1x 法式白醬燻鮭魚"
4月26日,麥當勞 (S117 台北民權二店),375,2x 套餐-蕈菇安格斯牛肉堡 Mushroom Angus Beef Burger Meal
4月20日,老媽麵bar,324,2x 無敵酸菜魚【飯】
4月19日,麥當勞 (S117 台北民權二店),354,"1x 套餐-大麥克 Big Mac Meal,1x 套餐-大麥克 Big Mac Meal"
4月17日,雙城美食街腿庫飯豬腳飯,357,"1x 腿庫飯,1x 腿庫飯、大腸,1x 筍絲"
4月15日,義料·之外,357,2x 火腿培根蛋義大利麵
4月13日,麥當勞 (S117 台北民權二店),456,"1x 套餐-蕈菇安格斯牛肉堡 Mushroom Angus Beef Burger Meal,1x 套餐-蕈菇安格斯牛肉堡 Mushroom Angus Beef Burger Meal"
4月12日,統一超商 (吉安店),309,"1x (冷藏出貨) 藍莓乳酪三明治 | 71 g,1x (加熱出貨) 御料小館x新馬辣麻辣燙 | 357g,2x (加熱出貨) 熱那亞羅勒義大利麵 392g"
4月11日,麥當勞 (S117 台北民權二店),456,"1x 套餐-蕈菇安格斯牛肉堡 Mushroom Angus Beef Burger Meal,1x 套餐-蕈菇安格斯牛肉堡 Mushroom Angus Beef Burger Meal"
4月8日,村民餐盒-伊通店,253,"1x 輕食減脂嫩雞飯,1x 北海嚴選鮭魚飯"
4月7日,肯德基KFC炸雞漢堡店 (台北雙連店),383,"1x 花生熔岩咔啦雞腿漢堡 XL 套餐,1x 青花椒香麻咔啦雞腿漢堡 XL 套餐"
4月6日,北倉洞韓式料理,378,2x 韓式牛肉豆腐鍋
4月1日,麥當勞 (S117 台北民權二店),456,"1x 套餐-蕈菇安格斯牛肉堡 Mushroom Angus Beef Burger Meal,1x 套餐-蕈菇安格斯牛肉堡 Mushroom Angus Beef Burger Meal"
3月31日,好想見麵 (台北行天宮店),261,"2x 香辣麻婆丼飯,1x 番茄湯餃 (6顆)"
3月30日,牛下來牛滷飯 (寧夏店),228,"1x 招牌牛滷飯,1x 麻辣牛滷飯"
3月29日,Burger Holic漢堡門徒 (台北小巨蛋店),500,"1x 墨西哥毒梟雞肉堡套餐 Jalapeno Chicken Burger Combo,1x 墨西哥毒梟雞肉堡套餐 Jalapeno Chicken Burger Combo"
3月26日,阿財魚翅肉羹,342,"1x 雞絲便當,1x 焢肉飯,1x 金針排骨湯"
3月25日,Burger Holic漢堡門徒 (台北小巨蛋店),499,"1x 墨西哥毒梟雞肉堡套餐 Jalapeno Chicken Burger Combo,1x 墨西哥毒梟雞肉堡套餐 Jalapeno Chicken Burger Combo"
3月19日,北倉洞韓式料理,477,"1x 韓式豬肉豆腐鍋,1x 韓式牛肉豆腐鍋"
3月18日,阿財魚翅肉羹,342,"1x 雞絲便當,1x 苦瓜排骨湯,1x 焢肉飯"
3月17日,Burger Holic漢堡門徒 (台北小巨蛋店),499,"1x 墨西哥毒梟雞肉堡套餐 Jalapeno Chicken Burger Combo,1x 墨西哥毒梟雞肉堡套餐 Jalapeno Chicken Burger Combo"
3月16日,麥當勞 (S117 台北民權二店),466,"1x 套餐-蕈菇安格斯牛肉堡 Mushroom Angus Beef Burger Meal,1x 套餐-蕈菇安格斯牛肉堡 Mushroom Angus Beef Burger Meal,1x OREO草莓冰炫風  OREO Strawberry McFlurry"
3月10日,Burger Holic漢堡門徒 (台北小巨蛋店),444,2x 墨西哥毒梟雞肉堡套餐 Jalapeno Chicken Burger Combo
3月9日,阿財魚翅肉羹,342,"1x 雞絲便當,1x 梅干扣肉飯,1x 金針排骨湯"
3月8日,Burger Holic漢堡門徒 (台北小巨蛋店),444,"1x 墨西哥毒梟雞肉堡套餐 Jalapeno Chicken Burger Combo,1x 門徒炸雞堡套餐 Fried Chicken Burger  Combo"
3月5日,阿財魚翅肉羹,302,"1x 梅干扣肉飯,1x 金針排骨湯,1x 焢肉飯"
3月4日,阿財魚翅肉羹,342,"1x 雞絲便當,1x 梅干扣肉飯,1x 金針排骨湯"
3月3日,Burger Holic漢堡門徒 (台北小巨蛋店),452,"1x 芝麻葉瑪芝瑞拉牛肉堡套餐 Arugula Mozzarella Beef Burger  Combo,1x 芝麻葉瑪芝瑞拉牛肉堡套餐 Arugula Mozzarella Beef Burger  Combo"
2月29日,阿財魚翅肉羹,264,"1x 雞絲便當,1x 梅干扣肉飯"
2月29日,成都滿庭芳 川式料理,334,1x 滿庭芳金湯酸菜魚(大)(適1-2人)
2月28日,北倉洞韓式料理,477,2x 韓式牛肉豆腐鍋
2月28日,Burger Holic漢堡門徒 (台北小巨蛋店),488,"1x 墨西哥毒梟雞肉堡套餐 Jalapeno Chicken Burger Combo,1x 花生培根牛肉堡套餐 Peanut Butter Beef Burger  Combo"
2月27日,成都滿庭芳 川式料理,334,1x 滿庭芳金湯酸菜魚(大)(適1-2人)
2月26日,築本屋,450,"2x 腰肉豬排定食,1x 可樂餅 X2"
2月25日,Burger Holic漢堡門徒 (台北小巨蛋店),439,"1x 墨西哥毒梟雞肉堡套餐 Jalapeno Chicken Burger Combo,1x 門徒炸雞堡套餐 Fried Chicken Burger  Combo"
2月24日,阿財魚翅肉羹,233,"1x 雞絲便當,1x 梅干扣肉飯"
2月22日,義料·之外,478,"2x 火腿培根蛋義大利麵,1x 綠色炸彈"
2月20日,肯德基KFC炸雞漢堡店 (台北雙連店),437,2x 花生熔岩咔啦雞腿漢堡 XL 套餐
2月19日,珍美味火雞肉飯 (台北龍江店),253,"1x 魯白菜,1x 脆筍扣肉便當,1x 火雞肉便當"
2月18日,麥當勞 (S117 台北民權二店),473,"1x 套餐-蕈菇安格斯牛肉堡 Mushroom Angus Beef Burger Meal,1x 套餐-蕈菇安格斯牛肉堡 Mushroom Angus Beef Burger Meal"
2月17日,肉老大頂級肉品涮涮鍋 (台北錦西店),629,"1x 酸白菜蕃茄肉品鍋【獨家餐點】微辣,1x 果凍鴨血麻辣肉品鍋【獨家餐點】"
2月16日,Burger Holic漢堡門徒 (台北小巨蛋店),477,"1x 門徒經典牛肉堡套餐 Classic Beef Burger Combo,1x 花生培根牛肉堡套餐 Peanut Butter Beef Burger  Combo"
2月9日,鬍鬚張魯肉飯 (台北吉林店),231,"1x 魯肉飯便當加胭脂梅花肉,1x 筍絲魯,1x 魯肉飯便當加唐山排骨"
2月7日,Maya Resto Cafe,606,"1x Pz6 Truffle Vege Pizza松露蔬菜,1x 6R5	Beef asparagus mushroom 牛肉蘆筍蘑菇"
2月6日,肯德基KFC炸雞漢堡店 (台北南京東三店),427,2x 花生熔岩咔啦雞腿漢堡 XL 套餐
1月29日,Fun rice 放飯 (台北中山店),371,"1x 醬烤雞腿丼飯,1x 醬燒牛丼飯"
1月27日,麥當勞 (S117 台北民權二店),357,"1x 套餐-蕈菇安格斯牛肉堡 Mushroom Angus Beef Burger Meal,1x 套餐-蕈菇安格斯牛肉堡 Mushroom Angus Beef Burger Meal"
1月24日,三商巧福 (4107民權店),368,"1x 半筋半肉牛肉麵套餐,1x 番茄牛肉麵套餐"
1月22日,麥當勞 (S117 台北民權二店),473,"1x 套餐-蕈菇安格斯牛肉堡 Mushroom Angus Beef Burger Meal,1x 套餐-蕈菇安格斯牛肉堡 Mushroom Angus Beef Burger Meal"
1月19日,肯德基KFC炸雞漢堡店 (台北雙連店),415,"1x 花生熔岩咔啦雞腿漢堡 XL 套餐,1x 花生熔岩咔啦雞腿漢堡 XL 套餐"
1月15日,麥當勞 (S117 台北民權二店),443,"1x 套餐-蕈菇安格斯牛肉堡 Mushroom Angus Beef Burger Meal,1x 套餐-蕈菇安格斯牛肉堡 Mushroom Angus Beef Burger Meal"
1月14日,Maya Resto Cafe,672,"1x Pz1 Margherita瑪格麗特pizza,1x 6R5	Beef asparagus mushroom 牛肉蘆筍蘑菇"
1月13日,麥當勞 (S117 台北民權二店),448,"1x 期間限定!帕瑪森安格斯牛肉堡尊爵餐  Parmesan Angus Beef Burger+Large Fries Combo,1x 魔力食光蕈菇安格斯牛肉堡餐 Mushroom Angus Beef Burger Meal"
1月7日,肉老大頂級肉品涮涮鍋 (台北錦西店),499,"1x 果凍鴨血麻辣肉品鍋【獨家餐點】,1x 牛奶肉品鍋【獨家餐點】"
1月5日,肯德基KFC炸雞漢堡店 (台北雙連店),425,"1x 花生熔岩咔啦雞腿漢堡 XL 套餐,1x 花生熔岩咔啦雞腿漢堡 XL 套餐"
1月2日,築本屋,444,"2x 腰肉豬排定食,1x 可樂餅 X2"
1月1日,成都滿庭芳 川式料理,334,1x 滿庭芳金湯酸菜魚(大)(適1-2人)
12月31日,京川屋 (台北南京店),267,"2x 麻婆豆腐丼飯,1x 鮮肉雲吞湯"
12月30日,肯德基KFC炸雞漢堡店 (台北承德店),386,"1x 剝皮辣椒紙包雞XL套餐,1x 青花椒香麻咔啦雞腿漢堡 XL 套餐"
12月29日,北倉洞韓式料理,377,2x 韓式牛肉豆腐鍋
12月26日,肯德基KFC炸雞漢堡店 (台北雙連店),340,"1x 青花椒香麻咔啦雞腿漢堡 L 套餐,1x 青花椒香麻咔啦雞腿漢堡 XL 套餐"
12月16日,Maya Resto Cafe,606,"1x pz7 hawaiian夏威夷pizza,1x 6r4	truffle wild mushroom rissoto 黑松露野菇燉飯"
11月27日,築本屋,443,"2x 腰肉豬排定食,1x 可樂餅 X2"
11月26日,Maya Resto Cafe,586,"1x Pz5 Seafood海鮮pizza,1x 6r7	pumkin vege rissoto 南瓜時蔬燉飯"
11月24日,肯德基KFC炸雞漢堡店 (台北南京東三店),390,"1x 花生熔岩咔啦雞腿漢堡 XL 套餐,1x 青花椒香麻咔啦雞腿堡絕配QQ餐(辣)"
11月14日,北倉洞韓式料理,477,2x 韓式牛肉豆腐鍋
11月6日,肯德基KFC炸雞漢堡店 (台北雙連店),485,2x 花生熔岩咔啦雞腿漢堡 XL 套餐
11月5日,Maya Resto Cafe,583,"1x 6r4	truffle wild mushroom rissoto 黑松露野菇燉飯,1x Pz3 Supreme總匯Pizza"
11月4日,SPUKIE (慶城旗艦店),436,"1x 雞肉火腿啤酒腸堡12寸,1x 如購買2個品項以上，建議購買袋子，謝謝您～,1x 舒肥原味雞胸肉堡12寸"
11月3日,北倉洞韓式料理,417,"1x 韓式豬肉豆腐鍋,1x 韓式牛肉豆腐鍋"
11月1日,SPUKIE (慶城旗艦店),436,"1x 雞肉火腿啤酒腸堡12寸,1x 如購買2個品項以上，建議購買袋子，謝謝您～,1x 舒肥原味雞胸肉堡12寸"
10月29日,Maya Resto Cafe,583,"1x Pz6 Truffle Vege Pizza松露蔬菜,1x 6r6	creamy seafood rissoto 奶油海鮮燉飯"
10月27日,麥當勞 (S117 台北民權二店),398,"1x 套餐-BLT 安格斯牛肉堡 BLT Angus Beef Burger Meal,1x 套餐-BLT 安格斯牛肉堡 BLT Angus Beef Burger Meal"